beach,yyyy,mm,dd,transect_id,position_start,position_end,event,material,structure,cm_from_tape,size_cm,quantity,comments
cracker tom,2021,6,13,1,0,4.3,WR,,,,,,
cracker tom,2021,6,13,1,0.1,,D,FO,,25,1,1,orange foam 
cracker tom,2021,6,13,1,8.9,50,WP,,,,,,
cracker tom,2021,6,13,1,16,,WO,O,,25,,,horseshoecrab
cracker tom,2021,6,13,1,29.5,,WO,O,,1.7,,,Foam Buoy about 1.7m away from transect 
cracker tom,2021,6,13,1,46,47,PL,,,25,1,1,
cracker tom,2021,6,13,2,0,11,WL,,,,,,
cracker tom,2021,6,13,2,5,,,P,,125,10,1,cardboard box
cracker tom,2021,6,13,2,6.5,,FP,,,On Tape,8,1,ribbon
cracker tom,2021,6,13,2,8,,FP,,,25,13,1,rubber glove 
cracker tom,2021,6,13,2,20,50,WP,,,,,,
cracker tom,2021,6,13,2,42.6,,,P,,75,20,1,paper cup 
cracker tom,2021,6,13,2,46,50,PL,,,,,,
cracker tom,2021,6,13,3,0,1.5,WL,,,,,,
cracker tom,2021,6,13,3,21.4,50,WP,,,,,,
cracker tom,2021,6,13,3,22.8,,,Styrofoam ,,168,,,"not part of the tansect, 15 cm out"
cracker tom,2021,6,13,3,28.4,,,FP,,60,8,1,
cracker tom,2021,6,13,3,30,,,FP,,100,18,1,
cracker tom,2021,6,13,3,45.3,,,O,,150,4,1,shotgun shell 
cracker tom,2021,6,13,4,0,10,WL,,,,,,
cracker tom,2021,6,13,4,26,,O,O,O,43,42,1,Horseshoe crab
cracker tom,2021,6,13,4,36,,D,R,F,100,26,1,Piece of rope
cracker tom,2021,6,13,5,0,7,WL,,,,,,
cracker tom,2021,6,13,6,0,10,WL,,,,,,
cracker tom,2021,6,13,6,43,,O,O,O,34,39,1,Horeshoe crab
cracker tom,2021,6,13,7,0,9,WL,,,,,,
cracker tom,2021,6,13,7,30,33,WP,,,,,,
cracker tom,2021,6,13,8,0,8,WL,,,,,,
cracker tom,2021,6,13,8,27,,O,O,O,16,21,1,Bird bone
cracker tom,2021,6,13,9,0,4,WR,,,,,,
cracker tom,2021,6,13,9,11,,WO,,,,,,
cracker tom,2021,6,13,9,28,,D,FO,F,70,8,1,
cracker tom,2021,6,13,9,44,,D,HP,F,60,1,1,
cracker tom,2021,6,13,10,0,10.4,WR,,,,,,
cracker tom,2021,6,13,10,12.3,,D,FO,O,2,10,1,
cracker tom,2021,6,13,10,13.05,,D,FP,F,70,4,1,
cracker tom,2021,6,13,10,36.6,50,WO,,,,,,
cracker tom,2021,6,13,11,0,15.2,WR,,,,,,
cracker tom,2021,6,13,11,8.7,,D,P,F,38,3,1,
cracker tom,2021,6,13,11,21.6,,WP,,,,112,1,
cracker tom,2021,6,13,11,26.6,50,WR,,,,,,
cracker tom,2021,6,13,11,46.4,,D,FO,F,118,20,1,
cracker tom,2021,6,13,12,0,9,WR,,,,,,
cracker tom,2021,6,13,12,10,17.6,WR,,,,,,
cracker tom,2021,6,13,12,14.7,,S,,,150,,1,
cracker tom,2021,6,13,12,31.05,,D,HP,BO,80,20,1,
cracker tom,2021,6,13,13,0,17.2,WL,,,,,,
cracker tom,2021,6,13,13,1.8,3.4,T,,,,,,
cracker tom,2021,6,13,13,11.4,,T,,,,,,
cracker tom,2021,6,13,13,17.8,19.2,T,,,,,,
cracker tom,2021,6,13,13,20.7,21.2,T,,,,,,
cracker tom,2021,6,13,13,22.8,27.3,WP,,,,,,
cracker tom,2021,6,13,13,30,33.1,T,,,,,,
cracker tom,2021,6,13,13,36.3,,PL,,,,,,
cracker tom,2021,6,13,13,41.2,50,WP,,,,,,
cracker tom,2021,6,13,,,,,,,,,,
cracker tom,2021,6,13,14,0,3.3,WL,,,,,,
cracker tom,2021,6,13,14,10.58,12.2,WP,,,,,,
cracker tom,2021,6,13,14,12.8,12.8,T,,,,,,
cracker tom,2021,6,13,14,21.6,25,WP,,,,,,
cracker tom,2021,6,13,14,26.5,26.5,WP,,,,,,
cracker tom,2021,6,13,14,31,31,WP,,,,,,
cracker tom,2021,6,13,14,31.6,31.6,T,,,,,,
cracker tom,2021,6,13,14,35.5,36.9,WP,,,,,,
cracker tom,2021,6,13,14,40.9,44.5,WP,,,,,,
cracker tom,2021,6,13,14,45.5,50,WP,,,,,,
cracker tom,2021,6,13,,,,,,,,,,
cracker tom,2021,6,13,15,0,88.9,WL,,,,,,
cracker tom,2021,6,13,15,19.2,19.2,D,P,F,50,3,1,
cracker tom,2021,6,13,15,50.4,50.4,D,FO,F,0,6,1,
cracker tom,2021,6,13,15,67.7,71.7,L,,,,,,
cracker tom,2021,6,13,15,69.7,69.7,D,FP,O,60,25,1,
cracker tom,2021,6,13,15,83.3,85.5,T,,,,,,
cracker tom,2021,6,13,15,83.3,83.3,D,FB,O,10,6,1,
cracker tom,2021,6,13,15,85.9,88.9,T,,,,,,
cracker tom,2021,6,13,15,87.7,87.7,WP,,,,,,
cracker tom,2021,6,13,15,90.6,91.4,T,,,,,,
cracker tom,2021,6,13,15,93.9,94.6,T,,,,,,
cracker tom,2021,6,13,15,96.3,100,WP,,,,,,
cracker tom,2021,6,13,15,97,97,D,HP,BO,25,8,1,
cracker tom,2021,6,13,,,,,,,,,,
cracker tom,2021,6,13,16,0,2,WP,,,,,,
cracker tom,2021,6,13,16,7,7.8,WP,,,,,,
cracker tom,2021,6,13,16,13.5,14.8,T,,,,,,
cracker tom,2021,6,13,16,18.1,20,T,,,,,,
cracker tom,2021,6,13,16,20,,T,,,,,,
cracker tom,2021,6,13,16,22,,T,,,,,,
cracker tom,2021,6,13,16,21.1,,D,R,L,0,25,1,
cracker tom,2021,6,13,16,24.5,,WP,,,,,,
cracker tom,2021,6,13,16,28.3,,WL,,,,,,
cracker tom,2021,6,13,16,32,33.2,T,,,,,,
cracker tom,2021,6,13,16,35.5,,T,,,,,,
cracker tom,2021,6,13,16,38.2,,T,,,,,,
cracker tom,2021,6,13,16,40.3,,T,,,,,,
cracker tom,2021,6,13,16,44.4,50,WP,,,,,,
cracker tom,2021,6,13,17,0,9,WR,,,,,,
cracker tom,2021,6,13,17,9,27.5,WR,,,,,,WR = No rack line; plain beach
cracker tom,2021,6,13,17,27.5,37.5,D-F,,,,,,D-F = Transition to Dune-Forest
cracker tom,2021,6,13,17,33,36,WP,,,75,100,1,
cracker tom,2021,6,13,17,37.5,37.5,T,,,0,25,1,
cracker tom,2021,6,13,17,47,47,WP,,,25,100,1,
cracker tom,2021,6,13,17,50,50,Du ,,,,,,Du = Dune; END
cracker tom,2021,6,13,18,0,6,WR,,,,,,
cracker tom,2021,6,13,18,7.3,7.3,D,FP,BO,,,,Outside
cracker tom,2021,6,13,18,16,16,T,,,0,175,1,
cracker tom,2021,6,13,18,23,24,WO,,,100,0.1,1,
cracker tom,2021,6,13,18,40,40,WP,,,25,250,1,
cracker tom,2021,6,13,18,42,50,F,,,,,,
cracker tom,2021,6,13,18,46.5,46.5,T,,,75,100,1,
cracker tom,2021,6,13,18,46.8,46.8,D,FP,BO/F,125,20,1,
cracker tom,2021,6,13,18,50,50,B,,,,,,END
cracker tom,2021,6,13,19,0,22,WR,,,,,,
cracker tom,2021,6,13,19,20.2,20.2,D,FO,F,125,10,1,
cracker tom,2021,6,13,19,24.5,24.5,L,,,5,375,1,
cracker tom,2021,6,13,19,39,50,D-F,,,,,,
cracker tom,2021,6,13,19,42.5,42.5,D ,HP,BO,,,,Outside Transect
cracker tom,2021,6,13,19,44.5,44.5,D,FO,O,,,,Outside Transect
cracker tom,2021,6,13,19,50,50,DF,,,,,,End
cracker tom,2021,6,13,20,0,20,WR,,,,,,
cracker tom,2021,6,13,20,47.3,47.3,T,,,0,100,1,
cracker tom,2021,6,13,20,49.2,WP,,,,0,300,1,End
middle,2021,6,16,1,0,1,WL,,,,,,
middle,2021,6,16,1,42.5,,D,FP,F,0.25,1.5,1,Balloon string
middle,2021,6,16,2,0,4,WL,,,,,,
middle,2021,6,16,2,27,,O,O,,50,35,1,Horseshoe crab
middle,2021,6,16,2,33.5,34.5,WP,,,,,,
middle,2021,6,16,2,41.5,,O,O,,150,22,1,Horseshoe crab
middle,2021,6,16,3,0,4,WL,,,,,,
middle,2021,6,16,4,0,1,WL,,,,,,
middle,2021,6,16,4,43.5,,D,O,BO,150,25,1,Rum bottle
middle,2021,6,16,5,0,3.6,WL,,,,,,
middle,2021,6,16,5,17.7,26.2,WO,,,,,,
middle,2021,6,16,5,28.7,50,WO,,,,,,
middle,2021,6,16,5,45.62,,D,O,O,70,11,1,Other = Aluminum Can
middle,2021,6,16,5,47.26,,D,HP,C,58,12.5,1,
middle,2021,6,16,6,0,2.4,WL,,,,,,
middle,2021,6,16,6,16.27,27.38,WO,,,,,,
middle,2021,6,16,6,32.25,50,WO,,,,,,
middle,2021,6,16,6,47.55,,D,FA,O,0.25,127,1,Large piece of carpet like plastic fabric
middle,2021,6,16,7,0,5,WL,,,,,,
middle,2021,6,16,7,13.32,,O,,,1.5,20,1,Other = Horseshoe Crab
middle,2021,6,16,7,16,48,WO,,,,,,
middle,2021,6,16,8,0,3.3,WL,,,,,,
middle,2021,6,16,8,19.22,25.7,WO,,,,,,
middle,2021,6,16,8,25.35,46.7,WO,,,,,,
middle,2021,6,16,9,0,18.3,WL,,,,,,
middle,2021,6,16,9,11.2,11.2,D,O,O,75,10,1,
middle,2021,6,16,9,22.3,50,WO,,,,,,
middle,2021,6,16,9,24.8,24.8,D,FP,BA,0,10,1,
middle,2021,6,16,9,28.2,28.2,D,HP,BO,30,15,1,
middle,2021,6,16,10,0,4.2,WL,,,,,,
middle,2021,6,16,10,6.2,27.4,WO,,,,,,
middle,2021,6,16,10,9.2,9.2,D,FP,0,75,25,1,Balloon
middle,2021,6,16,10,31.5,31.7,WP,,,,,,
middle,2021,6,16,10,35.9,50,WO,,,,,,
middle,2021,6,16,10,40.7,40.7,D,HP,BA,100,15,1,
middle,2021,6,16,11,0,6.4,WL,,,,,,
middle,2021,6,16,11,16.6,19.2,WO,,,,,,
middle,2021,6,16,11,24.6,37.8,WO,,,,,,
middle,2021,6,16,11,52.5,54.4,WO,,,,,,
middle,2021,6,16,11,59.14,85,WO,,,,,,
middle,2021,6,16,11,60.9,60.9,PL,,,,,,
middle,2021,6,16,11,71.8,71.8,PL,,,,,,
middle,2021,6,16,11,82.3,82.3,PL,,,,,,
middle,2021,6,16,12,0,4.4,WL,,,,,,
middle,2021,6,16,12,12.6,14.2,WO,,,,,,
middle,2021,6,16,12,36,50,WO,,,,,,
middle,2021,6,16,13,0,3.5,WL,,,,,,
middle,2021,6,16,13,0,50,WP,,,,,,
middle,2021,6,16,13,23.1,,,HP,,5,8,1,
middle,2021,6,16,13,25.8,33.3,PL,,,,,,
middle,2021,6,16,13,36,50,S,,,,,,
middle,2021,6,16,13,44.86,,,HP,,40,3,1,
middle,2021,6,16,14,0,7.9,WL,,,,,,
middle,2021,6,16,14,22,50,WP,,,,,,
middle,2021,6,16,15,0,9.4,WL,,,,,,
middle,2021,6,16,15,31.3,50,WP,,,,,,
middle,2021,6,16,15,44.8,46.86,L,,,,,,
middle,2021,6,16,16,0,19.8,WL,,,,,,
middle,2021,6,16,16,30.8,,L,,,,,,
middle,2021,6,16,16,35.6,41.7,,F,,75,15,1,Styrofoam 
middle,2021,6,16,16,46.4,,T,,,,,,
middle,2021,6,16,16,46.3,,,F,,25,2,1,
middle,2021,6,16,17,0,1,WR,,,,,,
middle,2021,6,16,17,10,11.5,S,,,0,125,1,
middle,2021,6,16,17,17,21,WO,,,0,275,1,
middle,2021,6,16,17,28.5,29.5,WP,,,,,,
middle,2021,6,16,17,40.5,42,WP,,,,,,
middle,2021,6,16,17,44,44.4,WP,,,,,,
middle,2021,6,16,17,48.5,50,D,,,,,,END
middle,2021,6,16,18,0,1.5,WR,,,,,,
middle,2021,6,16,18,0,0,D,O,T,25,25,1,
middle,2021,6,16,18,1.9,50,S,,,,,,
middle,2021,6,16,18,1.9,50,S,,,,,,
middle,2021,6,16,18,43,43,D,O,F/BO,75,15,1,
middle,2021,6,16,18,50,50,Du,F,,,,,"Du=Dune, END"
middle,2021,6,16,19,0,0,WR,,,,,,
middle,2021,6,16,19,6.5,8.5,S,,,0,225,1,
middle,2021,6,16,19,12.6,24,WO,,,,,,
middle,2021,6,16,19,22.2,22.2,D,FP,O,,,,Outside Transect
middle,2021,6,16,19,25.6,27,WP,,,100,100,1,
middle,2021,6,16,19,31,31,WP,,,0,75,1,
middle,2021,6,16,19,30.7,50,S,,,0,,,
middle,2021,6,16,19,37,50,WO,,,0,,,
middle,2021,6,16,19,50,50,D,,,,,,END
middle,2021,6,16,20,0,13,WP,,,,,,
middle,2021,6,16,20,20,50,WO,,,,,,
middle,2021,6,16,20,50,50,Du,,,,,,"Du=Dune, END"
northeast,2021,6,17,1,0,4.1,WL,,,,,,
northeast,2021,6,17,1,2.9,,D,FP,BA,20,10,,
northeast,2021,6,17,1,7.4,,WP,,,,,,
northeast,2021,6,17,1,24.9,,T,,,,,,
northeast,2021,6,17,1,41.3,,T,,,,,,
northeast,2021,6,17,1,41.8,,D,HP,F,5,3,,
northeast,2021,6,17,1,51,,PL,,,,,,
northeast,2021,6,17,2,0,4.1,WL,,,,,,
northeast,2021,6,17,2,22,53.3,WO,,,,,,
northeast,2021,6,17,3,0,6.9,WL,,,,,,
northeast,2021,6,17,3,9.8,52.7,WO/WP,,,,,,
northeast,2021,6,17,3,21.7,,D,FP,BA,5,10,,
northeast,2021,6,17,3,38,,PL,,,,,,
northeast,2021,6,17,4,0,8.3,WL,,,,,,
northeast,2021,6,17,4,12.3,50.4,WO,,,,,,
northeast,2021,6,17,4,46.4,,D,O,O,25,100,,wooden planks
northeast,2021,6,17,5,0,48.3,WL,,,,,,
northeast,2021,6,17,5,25.4,,D,Fo,F,5,15,,
northeast,2021,6,17,6,0,1.4,WL,,,,,,
northeast,2021,6,17,6,9.9,,WP,,,,,,
northeast,2021,6,17,7,0,4.7,WL,,,,,,
northeast,2021,6,17,7,14.3,,D,FP,BA,55,20,,
northeast,2021,6,17,7,38.2,52.3,WO,,,,,,
northeast,2021,6,17,8,0,1.4,WL,,,,,,
northeast,2021,6,17,8,7,60.8,WO,,,,,,
northeast,2021,6,17,8,27.2,,D,Fo,F,100,20,,
northeast,2021,6,17,9,0,5.3,WL,,,,,,
northeast,2021,6,17,9,25.4,61.6,WO,,,,,,
northeast,2021,6,17,10,0,2.9,WL,,,,,,
northeast,2021,6,17,10,37.5,63.5,WO/WP,,,,,,
northeast,2021,6,17,11,0,3.1,WL,,,,,,
northeast,2021,6,17,11,30.4,56.5,WO,,,,,,
northeast,2021,6,17,11,52.9,,L,,,,,,
northeast,2021,6,17,11,56.2,,D,FP,BA,5,7,,onion bag
northeast,2021,6,17,12,0,2.1,WL,,,,,,
northeast,2021,6,17,12,28.4,54.4,WO,,,,,,
northeast,2021,6,17,12,35.9,,D,HP,F,2,1,,
northeast,2021,6,17,12,39.3,,D,O,S,50,5,,aluminum can fragment
northeast,2021,6,17,13,0,3.9,WL,,,,,,
northeast,2021,6,17,13,13,53.1,WO,,,,,,
northeast,2021,6,17,13,49.3,,PL,,,,,,
northeast,2021,6,17,14,0,5.1,WL,,,,,,
northeast,2021,6,17,14,21.4,57.7,WP/WO,,,,,,
northeast,2021,6,17,15,0,3.4,WL,,,,,,
northeast,2021,6,17,15,15,55.2,WO,,,,,,
northeast,2021,6,17,15,36.1,,D,O,O,100,11,,aluminum can
northeast,2021,6,17,15,36.1,,D,O,O,125,12,,rubber glove
north,2021,6,10,1,0,14.4,WL,,,,,,
north,2021,6,10,1,44.5,,D,FP,BA,450,50,1,
north,2021,6,10,1,64.7,,WP,,,,,,
north,2021,6,10,1,66.8,,WP,,,,,,
north,2021,6,10,1,71.5,100,WP,,,,,,
north,2021,6,10,1,99.5,,P,,,,,,
north,2021,6,11,2,0,13,WL,,,,,,
north,2021,6,11,2,39,44,S,,,,,,
north,2021,6,11,3,0,,WL,,,,,,
north,2021,6,11,3,0.1,,D,FP,BA,60,20,1,
north,2021,6,11,3,2.4,,WO,,,,,,
north,2021,6,11,3,5.65,,D,FP,F,50,8,1,
north,2021,6,11,3,6.8,,WP,,,,,,
north,2021,6,11,3,8.2,,WO,,,,,,
north,2021,6,11,3,15.4,,WO,,,,,,
north,2021,6,11,3,24,30,S,,,,,,
north,2021,6,11,3,32,50,WPS,,,,,,
north,2021,6,17,4,0,1.2,WL,,,,,,
north,2021,6,17,4,31.3,,,WP/WO,,,,,
north,2021,6,17,4,46,,D,FO,F,30,2,1,
north,2021,6,17,4,49.5,,D,O,O,150,10,1,aluminum can 
north,2021,6,17,4,49.5,,T,,,0,,,
north,2021,6,17,5,0,5.5,WL,,,,,,
north,2021,6,17,5,13.7,,T,,,,,,
north,2021,6,17,5,19.3,,WP/WO,,,,,,
north,2021,6,17,5,32.1,,D,FP,BA,10,15,1,
north,2021,6,17,5,51.6,,D,HP,BO,50,15,1,
north,2021,6,17,5,52,,D,O,F,10,12,1,aluminum can 
north,2021,6,17,6,0,1.3,WL,,,,,,1624
north,2021,6,17,6,3.8,46.2,WP,,,,,,1027
north,2021,6,17,6,16.7,22.5,PL,,,,,,1037
north,2021,6,17,6,16.7,,T,,,,,,1016
north,2021,6,17,6,30.9,,PL,,,,,,
north,2021,6,17,6,33.9,,PL,,,,,,
north,2021,6,17,6,46.2,,*S,,,,,,
north,2021,6,17,6,54.3,,*S,,,,,,
north,2021,6,17,7,0,7.6,WL,,,,,,
north,2021,6,17,7,24.5,,WO,,,,,,
north,2021,6,17,7,32,,WO,,,,,,
north,2021,6,17,7,37.6,,D,FP,BA,25,7,1,
north,2021,6,17,7,41,,WP,,,,,,
north,2021,6,17,7,53.8,,D,HP,BO,150,32,1,
north,2021,6,17,7,53.8,,PL,,,,,,
north,2021,6,17,8,0,7.3,WL,,,,,,
north,2021,6,17,8,11.4,53.9,WP,,,,,,
north,2021,6,17,8,44.8,,PL,,,,,,
north,2021,6,17,8,45.9,,PL,,,,,,
north,2021,6,17,8,50,,PL,,,,,,
north,2021,6,17,9,0,5.7,WL,,,,,,
north,2021,6,17,9,1.8,,L,,,,,,
north,2021,6,17,9,4.7,,L,,,,,,
north,2021,6,17,9,7.2,54.1,WP,,,,,,
north,2021,6,17,9,21.7,,D,HP,F,70,5,1,
north,2021,6,17,10,0,4.6,WL,,,,,,
north,2021,6,17,10,20.3,,WP/WO,,,,,,
north,2021,6,17,10,44.3,,D,HP,BA,65,22,1,
north,2021,6,17,11,0,9.7,WL,,,,,,
north,2021,6,17,11,11.9,,WB/WP,,,,,,
north,2021,6,17,11,54.3,,D,HP,BO,40,20,1,
north,2021,6,17,12,0,1.7,WL,,,,,,
north,2021,6,17,12,19.3,,WP,,,,,,
north,2021,6,17,12,30.5,,D,HP,BA,25,20,1,
north,2021,6,17,12,46.7,,D,O,O,45,15,1,velcroband 
north,2021,6,17,12,49.4,,D,O,O,100,10,1,aluminum can
north,2021,6,17,13,0,2.6,WL,,,,,,
north,2021,6,17,13,16.5,24.6,WO/WP,,,,,,
north,2021,6,17,13,32.3,,D,HP,Bo,35,12,1,
north,2021,6,17,13,48.5,,D,O,O,15,4,1,
north,2021,6,17,14,0,4.3,WL,,,,,,
north,2021,6,17,14,8.1,12,WO,,,,,,
north,2021,6,17,14,18.6,51.7,WO,,,,,,
north,2021,6,17,14,19.4,,D,O,F,95,10,1,TARP/CARPET
north,2021,6,17,14,25.8,,D,O,O,2,7,1,
north,2021,6,17,14,34.2,,L,,,,,,
north,2021,6,17,14,37.7,,D,O,O,2,7,1,SMALL FAN
north,2021,6,17,14,51.5,,D,Ro,L,20,7,1,NETTING
north,2021,6,17,15,0,5.6,WL,,,,,,
north,2021,6,17,15,12.8,,WL/WO,,,,,,
north,2021,6,17,15,33.9,,D,HP,BO,85,20,1,
north,2021,6,17,15,35.8,,D,O,O,150,12,1,aluminum can
north,2021,6,17,15,49.8,,D,HP,BO,10,15,1,
north,2021,6,17,15,50.1,,L,,,,,,
north,2021,6,17,15,50.5,,D,F,F,150,10,1,
north,2021,6,17,16,0,9.1,WL,,,,,,
north,2021,6,17,16,17.2,,WP/Saw palmatto patch ,,,,,,
north,2021,6,17,16,21.7,,WP/Saw palmatto patch ,,,,,,
north,2021,6,17,16,26,,T,,,,,,
north,2021,6,17,16,29.7,,T,,,,,,
north,2021,6,17,16,35.2,54.7,WP ,,,,,,
north,2021,6,17,16,48.4,,D,HP,BO,100,20,1,
north,2021,6,17,17,0,8.6,WL,,,,,,
north,2021,6,17,17,1.3,,D,O,O,50,3,1,tinfoil ball 
north,2021,6,17,17,17.9,,WP/WO,,,,,,
north,2021,6,17,17,19.5,,D,HP,Jar (?),15,10,1,
north,2021,6,17,18,0,4.8,WL,,,,,,
north,2021,6,17,18,17.8,,WP/WO,,,,,,
north,2021,6,17,18,44,,D,HP,BO,0,15,1,
north,2021,6,17,18,53.9,,D,G,BO,25,25,1,
top,2021,6,18,1,0,3.6,WL,,,,,,
top,2021,6,18,1,19,,L,,,,,,
top,2021,6,18,1,20.1,,L,,,,,,
top,2021,6,18,1,21.9,,T,,,,,,
top,2021,6,18,1,32.2,,L,,,,,,
top,2021,6,18,1,30.4,51.2,WO,,,,,,
top,2021,6,18,1,48.4,,D,HP,F,10,4,1,SHOTGUN SHELL
top,2021,6,18,1,48.8,,D,HP,O,50,3,1,LID
top,2021,6,18,1,50.4,,D,HP,O,100,15,1,POT
top,2021,6,18,2,0,13.4,WL,,,,,,
top,2021,6,18,2,19.9,50.4,WP,,,,,,
top,2021,6,18,2,34.1,,D,FP,F,40,5,1,
top,2021,6,18,2,36.2,,D,O,O,80,10,1,WOODEN BLOCK
top,2021,6,18,2,37,48.1,T/WP,,,,,,
top,2021,6,18,2,50.3,,D,Fo,F,2,6,1,STYROFOAM PLATE
top,2021,6,18,3,0,45.6,WL,,,,,,
top,2021,6,18,3,1.9,,D,Fo,O,60,20,1,
top,2021,6,18,3,19.9,,D,HP,F,60,1,1,
top,2021,6,18,3,20,38,WP/L,,,,,,
top,2021,6,18,3,38,,L,,,,,,
top,2021,6,18,4,0,,WL,,,,,,
top,2021,6,18,4,0,8.5,T/L,,,,,,
top,2021,6,18,4,5.2,,D,HP,F,23,2,1,
top,2021,6,18,4,5.2,8,L,,,,,,
top,2021,6,18,4,9.4,50.8,WO/WP,,,,,,
top,2021,6,18,4,15.5,,D,Fo,F,35,7,1,
top,2021,6,18,4,20.8,25.1,T/L,,,,,,
top,2021,6,18,4,30.9,,D,O,O,75,10,1,ALUM. CAN
top,2021,6,18,4,30.5,,L,,,,,,
top,2021,6,18,4,32.6,,D,O,BO,100,12,1,GLASS BOTTLE
top,2021,6,18,4,46,,L,,,,,,
top,2021,6,18,4,48.1,,D,HP,F,75,3,1,
top,2021,6,18,5,0,2.3,,,,,,,
top,2021,6,18,5,1.5,18.8,L/T,,,,,,
top,2021,6,18,5,23.8,39.4,WP/L/T,,,,,,
top,2021,6,18,5,32.1,,D,Fo,F,75,2,7,
top,2021,6,18,5,32.2,,D,HP,F,90,1,1,
top,2021,6,18,5,32.3,,D,Fo,F,110,3,3,
top,2021,6,18,5,32.4,,D,O,Bo,100,15,1,
top,2021,6,18,5,32.7,,D,Fo,F,100,15,4,
top,2021,6,18,5,32.8,,D,HP,Bo,40,4,1,
top,2021,6,18,5,33.2,,D,Fo,F,70,2,3,
top,2021,6,18,5,33.3,,D,HP,Bo,15,15,1,
top,2021,6,18,5,34.2,,D,Fo,F,20,3,2,
top,2021,6,18,5,34.2,,D,HP,Bo,25,12,1,
top,2021,6,18,5,35.6,,D,HP,O,0,2,1,
top,2021,6,18,5,36.1,,D,Fo,C,65,10,1,
top,2021,6,18,5,36.9,,D,HP,F,0,1,1,
top,2021,6,18,5,45.8,50.5,WP,,,,,,
top,2021,6,18,5,49.6,,D,HP,Bo,110,12,1,
top,2021,6,18,6,0,50.2,WL,,,,,,
top,2021,6,18,6,3.2,12.2,T/L,,,,,,
top,2021,6,18,6,18.6,,T,,,,,,
top,2021,6,18,6,21.9,,T,,,,,,
top,2021,6,18,6,21.3,50.2,WP/WO,,,,,,
top,2021,6,18,6,23.7,,D,FP,O,25,26,1,BALLOON
top,2021,6,18,6,27.9,30.3,T/L,,,,,,
top,2021,6,18,6,34.1,,D,HP,O,20,1,1,BOTTLE CAP
top,2021,6,18,6,48.3,,D,Fo,C,55,15,1,
top,2021,6,18,6,50.2,,D,HP,O,20,1,1,BOTTLE CAP
top,2021,6,18,7,0,10.2,WL,,,,,,
top,2021,6,18,7,1.4,1.9,L,,,,,,
top,2021,6,18,7,11.8,,D,Fo,O,25,35,1,POOL NOODLE
top,2021,6,18,7,13.1,,D,Ro,L,35,50,,
top,2021,6,18,7,13.7,52.4,T/L/WP,,,,,,
top,2021,6,18,7,24.8,,D,HP,O,40,2,1,
top,2021,6,18,7,43.5,,D,Fo,F,35,1,1,
top,2021,6,18,7,43.9,,D,HP,Bo,65,12,1,
top,2021,6,18,7,47.7,,D,Fo,F,35,1,2,
top,2021,6,18,7,47.7,,T,,,,,,
top,2021,6,18,7,50.4,,D,Fo,F,25,6,1,
top,2021,6,18,7,52,,D,HP,F,110,1,1,
top,2021,6,18,8,0,3.1,WL,,,,,,
top,2021,6,18,8,0,3.3,T/L,,,,,,
top,2021,6,18,8,7,10,T/L,,,,,,
top,2021,6,18,8,9.1,,D,HP,Bo,150,12,1,
top,2021,6,18,8,11.6,,D,HP,Bo,65,12,1,
top,2021,6,18,8,11.5,,D,Fo,F,65,3,1,
top,2021,6,18,8,11.9,,D,HP,O,150,75,1,
top,2021,6,18,8,13.3,20.1,T/L/WP,,,,,,
top,2021,6,18,8,26.3,28.2,T/L,,,,,,
top,2021,6,18,8,32.3,,D,Fo,O,5,20,1,
top,2021,6,18,8,39.3,,D,FP,Ba,95,25,1,
top,2021,6,18,8,38,50.9,WP/T,,,,,,
top,2021,6,18,8,42.9,,D,HP,O,10,3,1,
top,2021,6,18,8,43.2,,D,FP,F,10,4,1,
top,2021,6,18,8,44.6,,D,HP,O,85,3,1,
top,2021,6,18,8,47.7,,D,Fo,F,80,2,1,
top,2021,6,18,9,0,12.8,WL,,,,,,
top,2021,6,18,9,2.8,4.1,T/L,,,,,,
top,2021,6,18,9,5.1,,D,O,Bo,60,10,1,
top,2021,6,18,9,17.5,21.6,T/L/WP,,,,,,
top,2021,6,18,9,36,,D,Fo,C,125,10,1,
top,2021,6,18,9,37.9,,D,FP,Ba,60,3,1,
top,2021,6,18,9,38.2,,D,HP,Bo,75,12,1,
top,2021,6,18,9,35,50.7,WP/T/L,,,,,,
top,2021,6,18,9,41.1,,D,HP,F,30,2,1,
top,2021,6,18,9,41.5,,D,HP,Bo,45,12,1,
top,2021,6,18,10,0,6.7,WL,,,,,,
top,2021,6,18,10,8.4,,T/L,,,,,,
top,2021,6,18,10,23.6,,D,O,O,25,20,2,
top,2021,6,18,10,29.9,33.7,T/L,,,,,,
top,2021,6,18,10,42.6,50.4,T/WP,,,,,,
top,2021,6,18,10,46.5,,D,O,O,10,10,1,
top,2021,6,18,11,0,,WL,,,,,,
top,2021,6,18,11,3.8,5.9,T/L,,,,,,
top,2021,6,18,11,12,19.7,T/L/WP,,,,,,
top,2021,6,18,11,15.5,,D,FP,BA,0,25,1,
top,2021,6,18,11,25.2,40.8,T/L/WP,,,,,,
top,2021,6,18,11,40.5,,D,FO,F,150,3,1,
top,2021,6,18,11,41,50.6,WP,,,,,,
top,2021,6,18,11,43.6,,D,HP,F,115,8,1,
top,2021,6,18,11,43.9,,D,HP,F,110,2,1,
top,2021,6,18,11,44.2,,D,HP,F,80,17,1,
top,2021,6,18,11,47,,D,FO,F,100,4,1,styrofoam 
top,2021,6,18,11,47.4,,D,FO,F,65,1,1,
top,2021,6,18,11,49.1,,D,HP,F,48,2,1,
top,2021,6,18,11,50.2,,D,FO,F,0,2,2,x2
top,2021,6,18,12,0,,WL,,,,,,
top,2021,6,18,12,1.6,,L,,,,,,
top,2021,6,18,12,2.2,,L,,,,,,
top,2021,6,18,12,24.2,30,T/L/WP ,,,,,,
top,2021,6,18,12,29.2,,D,HP,BO,0,12,1,
top,2021,6,18,12,45.6,,D,FO,F,90,4,2,x2
top,2021,6,18,12,46,,D,FO,F,85,2,1,
top,2021,6,18,12,46.2,,D,FO,F,125,4,1,
top,2021,6,18,12,46.2,47.6,L,,,,,,
top,2021,6,18,12,50.3,,D,FO,F,25,1,14,x14
top,2021,6,18,13,0,3.9,WL,,,,,,
top,2021,6,18,13,14,14.6,L,,,,,,
top,2021,6,18,13,24.4,26.4,L,,,,,,
top,2021,6,18,13,39.6,,D,Fo,F,150,15,1,
top,2021,6,18,13,24.4,51.4,WP,,,,,,
top,2021,6,18,13,47.9,,D,HP,Bo,50,15,1,
top,2021,6,18,13,49.7,,D,O,O,15,10,1,ALUM CAN
top,2021,6,18,14,0,15.1,WL,,,,,,
top,2021,6,18,14,20,51.7,WP/WO,,,,,,
top,2021,6,18,14,30,,D,Fo,F,100,2,1,
top,2021,6,18,14,44.7,,D,HP,Bo,80,12,1,
top,2021,6,18,14,46.5,,D,O,Bo,100,10,1,
top,2021,6,18,14,47.1,,D,FP,F,100,3,1,
top,2021,6,18,14,49.1,,D,Fo,F,105,5,1,
top,2021,6,18,14,48.2,,D,Fo,F,150,2,1,
top,2021,6,18,14,50.9,,D,Fo,F,25,1,1,
top,2021,6,18,14,51.7,,D,O,F,50,20,1,LIGHTBULB?
top,2021,6,18,15,0,9.8,WL,,,,,,
top,2021,6,18,15,11.8,14.4,L,,,,,,
top,2021,6,18,15,16.1,51.3,WP,,,,,,
top,2021,6,18,15,30,,D,FP,F,105,4,1,
top,2021,6,18,15,30.2,,T,,,,,,
top,2021,6,18,15,32,,D,FP,F,0,15,1,
top,2021,6,18,15,36.4,39.3,T,,,,,,
south,2021,6,19,1,0,,WL,,,,,,
south,2021,6,19,1,7.2,,WO,,,,,,
south,2021,6,19,1,23.2,,D,HP,0,50,12,1,PEN
south,2021,6,19,1,23,,WP,,,,,,
south,2021,6,19,1,35,37,T,,,,,,
south,2021,6,19,1,42,,WP,,,,,,
south,2021,6,19,1,45,,WP,,,,,,
south,2021,6,19,1,52,54,WP,,,,,,
south,2021,6,19,2,0,10,WL,,,,,,
south,2021,6,19,2,14,,WO,,,,,,
south,2021,6,19,2,22,,T,,,,,,
south,2021,6,19,2,26,,WP,,,,,,
south,2021,6,19,2,26.2,,D,HP,C,220,15,1,
south,2021,6,19,2,30,,T,,,,,,
south,2021,6,19,2,31,,WP,,,,,,
south,2021,6,19,2,35,,WP,,,,,,
south,2021,6,19,2,35.1,,D,HP,BO,25,13,1,MTN DEW
south,2021,6,19,2,35.2,,D,HP,BO,90,14,1,WATER BOTTLE
south,2021,6,19,2,36,,WP,,,,,,
south,2021,6,19,2,38.5,,WP,,,,,,
south,2021,6,19,2,38.75,,D,HP,BO,60,27,1,
south,2021,6,19,2,41,,WO,,,,,,
south,2021,6,19,2,45.5,,WO,,,,,,
south,2021,6,19,2,49,52,WP,,,,,,
south,2021,6,19,3,0,4,WL,,,,,,
south,2021,6,19,3,12,,L,,,,,,
south,2021,6,19,3,20.2,,D,HP,F,149,4,1,
south,2021,6,19,3,20,26,WO,,,,,,
south,2021,6,19,3,22.1,,D,R,L,60,50,1,
south,2021,6,19,3,24.2,,D,F,F,102,15,1,
south,2021,6,19,3,26.6,,T,,,,,,
south,2021,6,19,3,32,,D,FP,O,1.1,20,1,BALOON ON LINE
south,2021,6,19,3,31,34,WO,,,,,,
south,2021,6,19,3,35.5,,WP,,,,,,
south,2021,6,19,3,39.5,,T,,,,,,
south,2021,6,19,4,0,4.5,WL,,,,,,
south,2021,6,19,4,0.6,,D,F,F,8,5,1,
south,2021,6,19,4,15,,T,,,,,,
south,2021,6,19,4,9,11,WP,,,,,,
south,2021,6,19,4,20,,T,,,,,,
south,2021,6,19,4,23,,D,F,F,90,4,1,
south,2021,6,19,4,24,54,WP,,,,,,
south,2021,6,19,4,31,,D,R,F,76,11,1,
south,2021,6,19,4,40.7,,D,F,F,61,3.5,1,
south,2021,6,19,4,43.9,,D,FP,O,126,40,1,BALLOON
south,2021,6,19,4,47.8,,D,F,F,139,6,1,
south,2021,6,19,5,0,17,WL,,,,,,
south,2021,6,19,5,28.5,,L,,,,,,
south,2021,6,19,5,30,33,T,,,,,,
south,2021,6,19,5,35,36,L,,,,,,
south,2021,6,19,5,38,40,T,,,,,,
south,2021,6,19,5,39.3,,D,HP,BO,12,16,1,WATER BOTTLE
south,2021,6,19,5,45,48,T,,,,,,
south,2021,6,19,5,55,57.5,WP,,,,,,
south,2021,6,19,6,0,,WL,,,,,,
south,2021,6,19,6,4,,L,,,,,,
south,2021,6,19,6,5,,L,,,,,,
south,2021,6,19,6,8.5,,L,,,,,,
south,2021,6,19,6,13.2,,L,,,,,,
south,2021,6,19,6,13,17,WO,,,,,,
south,2021,6,19,6,16.4,,D,HP,F,120,2,1,BOTTLE CAP
south,2021,6,19,6,21,24,T,,,,,,
south,2021,6,19,6,27.2,38,WP,,,,,,
south,2021,6,19,6,28.3,,D,P,F,45,4.5,1,
south,2021,6,19,6,28.5,,D,O,,0,320,1,WOOD BEAM
south,2021,6,19,6,29.2,,D,HP,F,98,4,1,
south,2021,6,19,6,29.23,,D,HP,F,99,5,1,
south,2021,6,19,6,29.3,,D,HP,BO,96,16,1,
south,2021,6,19,6,29.9,,D,HP,F,61,4,1,
south,2021,6,19,6,30.75,,D,HP,F,76,4,1,
south,2021,6,19,6,38,52,WP,,,,,,
south,2021,6,19,6,50,,D,HP,BO,2,21,1,
south,2021,6,19,6,51.7,,D,F,F,94,3,1,
south,2021,6,19,7,0,,WL,,,,,,
south,2021,6,19,7,19,,L,,,,,,
south,2021,6,19,7,21,,L,,,,,,
south,2021,6,19,7,22,,L,,,,,,
south,2021,6,19,7,26,54,WO,,,,,,
south,2021,6,19,7,31.1,,D,FI,L,130,230,1,
south,2021,6,19,7,31.2,,D,O,O,45,180,1,WOOD BEAM
south,2021,6,19,7,37.1,,D,FI,F,120,65,1,
south,2021,6,19,7,52,,D,R,F,40,8,1,
south,2021,6,19,8,0,,WL,,,,,,
south,2021,6,19,8,13,,WO,,,,,,
south,2021,6,19,8,23,,L,,,,,,
south,2021,6,19,8,24,,L,,,,,,
south,2021,6,19,8,24,52.5,WO,,,,,,
south,2021,6,19,8,36.6,,D,FI,F,27,30,1,
south,2021,6,19,8,52,,D,HP,C,16,11,1,
south,2021,6,19,8,51.1,,D,GLASS,BO,81,4,1,
south,2021,6,19,8,51.2,,D,FI,F,99,16,1,
south,2021,6,19,9,0,8,WL,,,,,,
south,2021,6,19,9,12,,L,,,,,,
south,2021,6,19,9,15,,L,,,,,,
south,2021,6,19,9,20,24,T,,,,,,
south,2021,6,19,9,25,,T,,,,,,
south,2021,6,19,9,30,,T,,,,,,
south,2021,6,19,9,33,,T,,,,,,
south,2021,6,19,9,38,,T,,,,,,
south,2021,6,19,9,45.8,,D,FI,F,80,45,1,
south,2021,6,19,9,48,56,WP,,,,,,
south,2021,6,19,9,55.5,,D,FI,F,35,6,1,
south,2021,6,19,10,0,,WL,,,,,,
south,2021,6,19,10,8,,WO,,,,,,
south,2021,6,19,10,12,,WO,,,,,,
south,2021,6,19,10,16,,L,,,,,,
south,2021,6,19,10,25,34,WP,,,,,,
south,2021,6,19,10,33.1,,D,HP,F,140,20,1,
south,2021,6,19,10,42,59.5,WP,,,,,,
south,2021,6,19,10,43.6,,D,FI,F,10,17,1,
south,2021,6,19,10,44.44,,D,HP,BO,148,15,1,
south,2021,6,19,11,0,7,WL,,,,,,
south,2021,6,19,11,1.1,,D,FP,BA,120,29,1,
south,2021,6,19,11,11,,WO,,,,,,
south,2021,6,19,11,17,,WO,,,,,,
south,2021,6,19,11,20.2,,D,GLASS,BO,30,8,1,
south,2021,6,19,11,33,,WP,,,,,,
south,2021,6,19,11,42,,WP,,,,,,
south,2021,6,19,11,48,,WP,,,,,,
south,2021,6,19,11,53.5,,WP,,,,,,
south,2021,6,21,12,0,,WL,,,,,,
south,2021,6,21,12,11.8,,D,FP,BA,20,31,1,
south,2021,6,21,12,20,,WO,,,,,,
south,2021,6,21,12,46,,WP,,,,,,
south,2021,6,21,12,48,,WP,,,,,,
south,2021,6,21,12,50,,WP,,,,,,
south,2021,6,21,12,56,64,WP,,,,,,
south,2021,6,21,13,0,,WL,,,,,,
south,2021,6,21,13,28.5,,WO,,,,,,
south,2021,6,21,13,36,,WO,,,,,,
south,2021,6,21,13,45,47,S,,,,,,
south,2021,6,21,13,52,57,WP,,,,,,
south,2021,6,21,13,58,68.5,WP,,,,,,
south,2021,6,21,13,57.8,,D,HP,BO,37,11,1,
south,2021,6,21,14,0,,WL,,,,,,
south,2021,6,21,14,8,,L,,,,,,
south,2021,6,21,14,16.5,18,T,,,,,,
south,2021,6,21,14,21,25,WO,,,,,,
south,2021,6,21,14,22.7,,D,FP,0,6,19,1,GLOVE
south,2021,6,21,14,43,,WP,,,,,,
south,2021,6,21,14,46,,71,WP,,,,,
south,2021,6,21,14,51.5,,D,HP,CU,115,13,1,
south,2021,6,21,14,54,,D,FP,BA,20,8,1,
south,2021,6,21,14,69.8,,D,FP,F,15,7,1,
south,2021,6,21,15,0,14,WL,,,,,,
south,2021,6,21,15,22,,L,,,,,,
south,2021,6,21,15,26,27,L,,,,,,
south,2021,6,21,15,33,56,WP,,,,,,
south,2021,6,21,15,35.3,,D,FP,F,120,20,1,
south,2021,6,21,15,43.7,,D,FP,F,61,6,1,
south,2021,6,21,16,0,,WL,,,,,,
south,2021,6,21,16,16,,L,,,,,,
south,2021,6,21,16,29,,T,,,,,,
south,2021,6,21,16,30,,T,,,,,,
south,2021,6,21,16,31,,T,,,,,,
south,2021,6,21,16,39,56.5,WP,,,,,,
south,2021,6,21,16,39.5,,D,HP,CU,87,15,1,
south,2021,6,21,16,51,,D,WOOD,F,95,80,1,
south,2021,6,21,16,50.5,,D,F,F,40,10,1,
south,2021,6,21,17,0,,WL,,,,,,
south,2021,6,21,17,19,,WO,,,,,,
south,2021,6,21,17,25,35,WP,,,,,,
south,2021,6,21,17,48,56,WP,,,,,,
south,2021,6,21,18,0,,WL,,,,,,
south,2021,6,21,18,13.5,,WP,,,,,,
south,2021,6,21,18,18,24,WO,,,,,,
south,2021,6,21,18,22.1,,D,HP,CU,87,6,1,TOBACCO CAN
south,2021,6,21,18,34,40,WP,,,,,,
south,2021,6,21,18,50.2,,D,HP,BO,76,15,1,GATORADE
south,2021,6,21,18,54.4,,D,HP,BP,125,15,1,GATORADE
south,2021,6,21,19,0,2,WL,,,,,,
south,2021,6,21,19,1.2,,D,HP,BO,16,22,1,
south,2021,6,21,19,30,34,WO,,,,,,
south,2021,6,21,19,40,,L,,,,,,
south,2021,6,21,20,0,,WL,,,,,,
south,2021,6,21,20,24,,WO,,,,,,
south,2021,6,21,20,30,33,WP,,,,,,
south,2021,6,21,20,31.3,,D,FP,F,45,9,1,
south,2021,6,21,20,31.4,,D,HP,BO,48,17,1,
south,2021,6,21,20,36,59.6,WF,,,,,,
south,2021,6,21,20,51,,O,,,,,,HORSESHOE CRAB